Utilization	Connections(A2A)	Lvl1TraffRatio(A2A)	Lvl1TraffRatioNoIndirect(A2A)	RatioIndirect(A2A)	Connections(AR)	Lvl1TraffRatio(AR)	Lvl1TraffRatioNoIndirect(AR)	RatioIndirect(AR)
1.0	1874	0	0	0.33883995500515307	746	0	0	0
0.96484375	2222	0	0	0.34542793759356133	736	0	0	0
0.9375	1580	0	0	0.32075124873658173	728	0	0	0
0.9375	1052	0	0	0.2875081885171912	698	0	0	0
0.9765625	1346	0	0	0.3194391178692786	686	0	0	0
0.9375	1228	0	0	0.3021531867917274	724	0	0	0
1.0	2170	0	0	0.33433753522711307	736	0	0	0
0.9375	1204	0	0	0.3046553961244356	562	0	0	0
0.953125	1064	0	0	0.3037059770735987	640	0	0	0
0.984375	2006	0	0	0.30028217465097967	714	0	0	0
1.0	1316	0	0	0.3112302197883694	690	0	0	0
0.984375	1244	0	0	0.2937280580708518	680	0	0	0
0.984375	1542	0	0	0.32235917319634017	768	0	0	0
0.9375	1162	0	0	0.3009793136207493	696	0	0	0
0.9375	1238	0	0	0.30373676246179643	732	0	0	0
0.953125	1854	0	0	0.3378990694615483	732	0	0	0
1.0	722	0	0	0.2381071437343897	624	0	0	0
0.9375	1458	0	0	0.30503756821077205	746	0	0	0
1.0	1000	0	0	0.2711892437458989	686	0	0	0
0.96875	1280	0	0	0.30594746345297336	690	0	0	0
0.984375	1056	0	0	0.2778935035205749	666	0	0	0
0.9375	1240	0	0	0.29357698712248603	680	0	0	0
0.890625	1200	0	0	0.29609983374579796	616	0	0	0
0.9375	716	0	0	0.23952984903644509	598	0	0	0
0.9375	1166	0	0	0.30305794625769794	708	0	0	0
0.9375	940	0	0	0.2933005473340729	632	0	0	0
1.0	1536	0	0	0.3199156720617055	758	0	0	0
0.984375	1246	0	0	0.29699217144874895	718	0	0	0
0.984375	1200	0	0	0.30118778527199513	690	0	0	0
0.86328125	1128	0	0	0.27632969429473453	588	0	0	0
0.96484375	1622	0	0	0.32495034341456086	756	0	0	0
0.9375	2058	0	0	0.31894275121011767	736	0	0	0
0.9375	1332	0	0	0.3164319167342311	660	0	0	0
0.9375	1154	0	0	0.2975196914449898	662	0	0	0
0.953125	1030	0	0	0.2827937929947536	698	0	0	0
0.96875	1014	0	0	0.300630463304892	608	0	0	0
0.96875	1398	0	0	0.2990632260551296	716	0	0	0
0.9375	952	0	0	0.26563844128033515	658	0	0	0
0.94921875	1540	0	0	0.31765806948353503	734	0	0	0
0.9375	792	0	0	0.2372250662033145	594	0	0	0
0.9375	1418	0	0	0.3241104189404996	690	0	0	0
0.96875	1242	0	0	0.3252907670280967	694	0	0	0
0.984375	1346	0	0	0.31927712328864033	732	0	0	0
0.9375	812	0	0	0.2656458060880168	642	0	0	0
0.9765625	1218	0	0	0.31094205998518587	706	0	0	0
1.0	1018	0	0	0.28593549799470935	676	0	0	0
0.984375	1216	0	0	0.2948119102330482	710	0	0	0
0.96875	1272	0	0	0.2929725429571792	712	0	0	0
1.0	3360	0	0	0.3823633846816335	808	0	0	0
0.9375	2048	0	0	0.32199948905942444	708	0	0	0
1.0	1470	0	0	0.3086180225460183	732	0	0	0
0.9375	1228	0	0	0.3167039165807442	658	0	0	0
0.96875	2558	0	0	0.3350267603377846	736	0	0	0
0.9375	1182	0	0	0.2916986263006601	670	0	0	0
0.96875	1624	0	0	0.3244640187547911	774	0	0	0
0.96484375	984	0	0	0.28758528735350547	722	0	0	0
1.0	958	0	0	0.2611566647791598	664	0	0	0
1.0	1252	0	0	0.3034109315511271	728	0	0	0
0.984375	1518	0	0	0.3042893632911528	752	0	0	0
0.96875	1260	0	0	0.3016036913715383	676	0	0	0
0.9609375	1016	0	0	0.28570752839502306	642	0	0	0
1.0	1382	0	0	0.30312688758749157	772	0	0	0
0.984375	2162	0	0	0.3176402539126951	708	0	0	0
0.9609375	1622	0	0	0.3344646301276491	748	0	0	0
1.0	1314	0	0	0.2896692619592677	732	0	0	0
0.9375	1116	0	0	0.2953906512945624	648	0	0	0
0.9609375	894	0	0	0.2394091367755995	638	0	0	0
0.94140625	902	0	0	0.2866889248162559	606	0	0	0
0.9375	966	0	0	0.2711730950185811	654	0	0	0
0.921875	2338	0	0	0.34514052992802097	736	0	0	0
1.0	2410	0	0	0.3446841222176476	786	0	0	0
0.9375	1378	0	0	0.3152241425300786	718	0	0	0
1.0	1952	0	0	0.31892982860100555	688	0	0	0
0.9375	1988	0	0	0.28720022347691	716	0	0	0
0.96875	582	0	0	0.23823677638613414	650	0	0	0
0.9375	1148	0	0	0.31515301582338445	628	0	0	0
1.0	1284	0	0	0.3085380796740135	720	0	0	0
1.0	1416	0	0	0.31527309330508124	760	0	0	0
0.984375	1172	0	0	0.2820156251435707	742	0	0	0
0.9453125	918	0	0	0.26053771775113194	686	0	0	0
0.953125	1274	0	0	0.2935268496553075	690	0	0	0
0.875	1164	0	0	0.2859449658174636	584	0	0	0
0.94140625	1146	0	0	0.3003775164944872	692	0	0	0
0.9375	1226	0	0	0.2870760733538345	694	0	0	0
0.984375	1534	0	0	0.33665446559360324	676	0	0	0
1.0	2094	0	0	0.3186465056871369	764	0	0	0
0.9375	1040	0	0	0.2864155176061335	696	0	0	0
0.9375	1078	0	0	0.2797879994830567	672	0	0	0
0.953125	1304	0	0	0.3075609019189096	710	0	0	0
1.0	1564	0	0	0.31533624087753676	770	0	0	0
1.0	982	0	0	0.285528274939613	684	0	0	0
0.9375	1222	0	0	0.3075295646581929	704	0	0	0
0.984375	1022	0	0	0.2774718050468392	692	0	0	0
0.9375	858	0	0	0.2751813724319485	640	0	0	0
1.0	1766	0	0	0.29643742161206266	712	0	0	0
0.9375	1064	0	0	0.29723612312593606	668	0	0	0
0.9609375	1118	0	0	0.29181366657767543	680	0	0	0
0.96875	1164	0	0	0.3001472698890953	738	0	0	0
1.0	2408	0	0	0.3416875390851668	800	0	0	0
0.9375	1308	0	0	0.3038481077301628	688	0	0	0
0.9375	2782	0	0	0.34212531534410223	672	0	0	0
1.0	1052	0	0	0.27702958498111435	668	0	0	0
0.9375	1550	0	0	0.32493738836191605	690	0	0	0
0.984375	808	0	0	0.2625167318732539	628	0	0	0
0.96875	1998	0	0	0.3286052381894079	734	0	0	0
1.0	1008	0	0	0.28948109340135564	694	0	0	0
0.984375	942	0	0	0.27940786607608786	670	0	0	0
0.984375	1838	0	0	0.32716969863871703	734	0	0	0
0.9453125	830	0	0	0.26684414632466874	644	0	0	0
0.9765625	792	0	0	0.2613673487631778	696	0	0	0
0.96484375	2092	0	0	0.3348876843682084	764	0	0	0
0.9375	2048	0	0	0.3420199285939013	712	0	0	0
0.9375	1442	0	0	0.31933180270126105	696	0	0	0
1.0	1164	0	0	0.30118835264267946	692	0	0	0
0.984375	1692	0	0	0.32408262614862454	764	0	0	0
0.96875	1090	0	0	0.29582502312623843	664	0	0	0
0.9375	2796	0	0	0.3544835421441281	772	0	0	0
0.96875	1564	0	0	0.3117127105046281	726	0	0	0
0.9375	760	0	0	0.24223445522749062	572	0	0	0
0.984375	1604	0	0	0.3274400049921599	798	0	0	0
0.9375	780	0	0	0.22990309344400117	632	0	0	0
0.984375	1078	0	0	0.3040596778066809	660	0	0	0
0.984375	972	0	0	0.2841909928855997	658	0	0	0
0.84375	1622	0	0	0.2712057580785135	612	0	0	0
0.984375	2016	0	0	0.34953475972558756	754	0	0	0
0.94921875	998	0	0	0.2713538592091336	652	0	0	0
0.96875	1410	0	0	0.31860522327928015	682	0	0	0
0.9765625	1328	0	0	0.30668816270249255	696	0	0	0
0.86328125	1090	0	0	0.3051318666579665	600	0	0	0
0.9609375	1194	0	0	0.3076179930074908	698	0	0	0
0.9375	984	0	0	0.27827951796657896	710	0	0	0
0.984375	1192	0	0	0.2867912362873091	694	0	0	0
0.9375	990	0	0	0.286051718925277	682	0	0	0
0.9375	1128	0	0	0.3015385105152836	710	0	0	0
0.96875	1206	0	0	0.2941223919740729	682	0	0	0
0.984375	1542	0	0	0.32287368379998604	772	0	0	0
0.96875	914	0	0	0.2715453799290301	620	0	0	0
1.0	1144	0	0	0.305564487811687	698	0	0	0
0.9375	1598	0	0	0.3263258969575327	660	0	0	0
1.0	1234	0	0	0.32021242945509987	706	0	0	0
0.921875	2264	0	0	0.34071164292442685	714	0	0	0
1.0	754	0	0	0.2667451945575531	612	0	0	0
0.9765625	1128	0	0	0.2792952409319873	678	0	0	0
0.90234375	1452	0	0	0.3102422792552114	688	0	0	0
0.9375	1258	0	0	0.3130092164941574	772	0	0	0
0.9765625	1622	0	0	0.2697828499428798	608	0	0	0
0.9453125	1276	0	0	0.3091916932902275	716	0	0	0
0.921875	906	0	0	0.269569418359949	700	0	0	0
0.96875	1036	0	0	0.3014614647937922	688	0	0	0
0.9375	844	0	0	0.26687211001515565	640	0	0	0
1.0	1218	0	0	0.2866310499666179	748	0	0	0
1.0	1080	0	0	0.2973211542509964	634	0	0	0
0.875	788	0	0	0.2756794510917442	596	0	0	0
0.9609375	1414	0	0	0.3242678772689405	674	0	0	0
0.984375	1444	0	0	0.32049791699298463	724	0	0	0
1.0	1480	0	0	0.29145646842109996	764	0	0	0
0.94140625	1284	0	0	0.3089873392833174	694	0	0	0
0.9375	2170	0	0	0.33161362767273295	736	0	0	0
0.9375	1640	0	0	0.3364400072267155	734	0	0	0
0.86328125	1158	0	0	0.2893086307130659	634	0	0	0
0.96875	2320	0	0	0.3417230031263168	730	0	0	0
0.9375	1862	0	0	0.34143193409374795	704	0	0	0
0.86328125	1278	0	0	0.3110119046401886	678	0	0	0
0.94140625	886	0	0	0.2760348190431209	652	0	0	0
0.9765625	1186	0	0	0.30862759559580244	674	0	0	0
0.9375	1256	0	0	0.29143342575297104	732	0	0	0
0.96875	1382	0	0	0.2865459716238424	768	0	0	0
0.96875	1428	0	0	0.32221366493234	668	0	0	0
0.984375	820	0	0	0.2661030024501062	700	0	0	0
1.0	2272	0	0	0.3411580365869187	802	0	0	0
0.9375	870	0	0	0.26816542137737187	648	0	0	0
0.9375	1172	0	0	0.28806117183133395	704	0	0	0
0.984375	918	0	0	0.27472175503614216	686	0	0	0
0.9375	1306	0	0	0.3023826539870828	744	0	0	0
0.984375	808	0	0	0.2671016952952017	650	0	0	0
0.984375	656	0	0	0.24364617304479225	604	0	0	0
0.953125	1194	0	0	0.3026310546616066	664	0	0	0
0.9375	674	0	0	0.26238396788038226	652	0	0	0
0.96875	2166	0	0	0.34022432689351806	694	0	0	0
1.0	1258	0	0	0.309373243007692	674	0	0	0
0.97265625	3006	0	0	0.367022629646624	816	0	0	0
0.9609375	2402	0	0	0.3536212343667937	780	0	0	0
0.9375	2218	0	0	0.32304466231278534	724	0	0	0
0.96875	1090	0	0	0.29162735976229903	672	0	0	0
0.9375	1272	0	0	0.3086459496799902	682	0	0	0
0.9609375	938	0	0	0.27217052868272695	634	0	0	0
1.0	1380	0	0	0.30870115337985804	736	0	0	0
0.9375	1550	0	0	0.32943270692932414	664	0	0	0
0.953125	1098	0	0	0.2900425849890335	684	0	0	0
1.0	1190	0	0	0.2980013993532561	668	0	0	0
0.984375	706	0	0	0.24485323995517358	614	0	0	0
0.9375	1220	0	0	0.2892656596835715	724	0	0	0
0.984375	1268	0	0	0.2954526418216206	750	0	0	0
0.9375	1204	0	0	0.29876221493204375	698	0	0	0
1.0	1704	0	0	0.33596325023992407	740	0	0	0
0.9375	1276	0	0	0.3203498474379791	638	0	0	0
0.96875	1126	0	0	0.2891859518564104	726	0	0	0
0.9375	1396	0	0	0.3181124382329894	716	0	0	0
1.0	914	0	0	0.26871096960190766	708	0	0	0
0.9375	1874	0	0	0.3340189230438449	710	0	0	0
0.9375	1312	0	0	0.31153566398596694	680	0	0	0
0.9296875	1186	0	0	0.31695688756704404	620	0	0	0
0.984375	2068	0	0	0.3209571323507293	652	0	0	0
1.0	1700	0	0	0.3282018982749882	756	0	0	0
0.9375	1272	0	0	0.29980790475204633	682	0	0	0
1.0	1202	0	0	0.29491572672911065	696	0	0	0
0.96875	1170	0	0	0.3009179747923222	714	0	0	0
0.984375	1872	0	0	0.311679493933718	698	0	0	0
0.9609375	964	0	0	0.267359597167353	666	0	0	0
0.984375	2080	0	0	0.30917850239791	690	0	0	0
1.0	1774	0	0	0.3398237670348424	708	0	0	0
0.9453125	1368	0	0	0.32016004548395527	730	0	0	0
0.9765625	972	0	0	0.28020340000267324	664	0	0	0
0.9375	1352	0	0	0.3121295045190302	698	0	0	0
0.984375	1694	0	0	0.30119498024425223	670	0	0	0
0.9375	1562	0	0	0.325633626871292	700	0	0	0
0.86328125	2254	0	0	0.354967269909766	664	0	0	0
0.9375	1014	0	0	0.2739716268021469	626	0	0	0
0.98828125	2466	0	0	0.32638049870538155	768	0	0	0
0.9609375	1202	0	0	0.3014521534991028	658	0	0	0
0.9375	1600	0	0	0.3448760171321731	734	0	0	0
0.9375	976	0	0	0.26730947253360876	654	0	0	0
0.984375	1594	0	0	0.272096069064716	610	0	0	0
0.984375	1762	0	0	0.3345714855214935	760	0	0	0
0.9375	1350	0	0	0.3045381871190442	680	0	0	0
0.984375	1356	0	0	0.3075311797642698	702	0	0	0
0.96875	1926	0	0	0.34241814761193035	798	0	0	0
0.9609375	1304	0	0	0.30712386441589296	726	0	0	0
0.953125	1588	0	0	0.32874720791523965	728	0	0	0
0.9375	1404	0	0	0.3228139556574234	696	0	0	0
0.9375	908	0	0	0.2773305050680151	596	0	0	0
0.921875	1104	0	0	0.30740917183576083	626	0	0	0
0.9765625	1968	0	0	0.34545751319825163	752	0	0	0
0.984375	1362	0	0	0.3152067190783935	740	0	0	0
0.984375	1364	0	0	0.3022886384688294	728	0	0	0
0.953125	1250	0	0	0.30438785819768854	718	0	0	0
0.9375	830	0	0	0.2836109554957262	628	0	0	0
0.86328125	2088	0	0	0.3319558931094361	670	0	0	0
1.0	836	0	0	0.2535350506170803	662	0	0	0
0.96875	1826	0	0	0.3352717544501143	774	0	0	0
0.9375	1010	0	0	0.3069462586644725	676	0	0	0
0.9375	1324	0	0	0.30955376533772333	692	0	0	0
0.94140625	1170	0	0	0.2949652502632604	668	0	0	0
0.984375	1216	0	0	0.29458707512908777	772	0	0	0
0.9375	2358	0	0	0.34149740361271774	732	0	0	0
1.0	928	0	0	0.2712674747827043	616	0	0	0
0.9765625	2752	0	0	0.358607831661716	820	0	0	0
0.9375	646	0	0	0.2463271175561475	620	0	0	0
1.0	990	0	0	0.2703874316715333	648	0	0	0
0.984375	900	0	0	0.28150343157790314	646	0	0	0
0.984375	1712	0	0	0.330681908203928	810	0	0	0
0.984375	1082	0	0	0.30434922374404066	698	0	0	0
0.9765625	2488	0	0	0.34244472569050177	750	0	0	0
0.9375	1298	0	0	0.3134557812338216	714	0	0	0
0.96875	988	0	0	0.28091058076259234	658	0	0	0
0.9375	972	0	0	0.30102047621863426	678	0	0	0
0.86328125	1050	0	0	0.30138699165331706	632	0	0	0
1.0	1858	0	0	0.3179427346758583	808	0	0	0
0.9375	1074	0	0	0.2869025279142095	730	0	0	0
0.984375	940	0	0	0.26513324707343705	672	0	0	0
0.9375	2242	0	0	0.3400082314903932	708	0	0	0
0.984375	1318	0	0	0.32168475650387024	772	0	0	0
0.9375	1372	0	0	0.2989708119601083	712	0	0	0
0.9375	1626	0	0	0.32142204717688794	710	0	0	0
0.96875	1032	0	0	0.2952785610950532	664	0	0	0
0.984375	1828	0	0	0.3196574236012468	758	0	0	0
0.921875	1978	0	0	0.3369789235797627	676	0	0	0
0.921875	2104	0	0	0.3144794441650895	758	0	0	0
0.9375	2460	0	0	0.3458837480108705	778	0	0	0
0.96875	988	0	0	0.27264891543826286	660	0	0	0
0.9375	1366	0	0	0.31305445513873514	700	0	0	0
0.9375	1008	0	0	0.27965028440896345	654	0	0	0
1.0	2470	0	0	0.35603585420325	788	0	0	0
0.86328125	978	0	0	0.3089444513675035	616	0	0	0
0.953125	910	0	0	0.2681221947892877	634	0	0	0
0.9375	1930	0	0	0.27637378062757306	684	0	0	0
0.953125	866	0	0	0.27593761379914317	672	0	0	0
0.96875	1188	0	0	0.29685266141588074	638	0	0	0
1.0	1468	0	0	0.3081825576048739	698	0	0	0
0.9375	2478	0	0	0.35335979786937083	720	0	0	0
0.9375	1866	0	0	0.29581666098349907	670	0	0	0
0.9375	1668	0	0	0.2942469878550182	656	0	0	0
0.96875	1392	0	0	0.31306405856455893	700	0	0	0
0.9375	946	0	0	0.27827317848479605	642	0	0	0
0.9609375	1232	0	0	0.29736717215466824	672	0	0	0
0.9375	1366	0	0	0.2961533608151333	712	0	0	0
0.96875	1338	0	0	0.3229366032000679	728	0	0	0
0.96875	1376	0	0	0.302137021881495	682	0	0	0
0.96875	1484	0	0	0.3199943514120565	758	0	0	0
0.9453125	1256	0	0	0.3175861887246134	676	0	0	0
0.86328125	1416	0	0	0.3054479484020018	662	0	0	0
0.9609375	926	0	0	0.28729475525764736	690	0	0	0
0.90234375	1316	0	0	0.30968454501239917	606	0	0	0
0.984375	744	0	0	0.26134355922324076	636	0	0	0
0.875	2324	0	0	0.35337420225722554	700	0	0	0
0.9375	876	0	0	0.2876611711479715	642	0	0	0
0.953125	2254	0	0	0.3453910557751853	796	0	0	0
0.9375	2302	0	0	0.34448915951532977	682	0	0	0
1.0	1332	0	0	0.30047359139528185	718	0	0	0
0.9765625	2670	0	0	0.342566668705311	750	0	0	0
1.0	1440	0	0	0.30413324960522	782	0	0	0
1.0	1220	0	0	0.27768395060474027	734	0	0	0
0.9375	766	0	0	0.27049405933499454	620	0	0	0
0.9609375	1374	0	0	0.30498730716420713	748	0	0	0
0.96875	890	0	0	0.26889896002119323	694	0	0	0
0.96875	1138	0	0	0.29643110912674425	674	0	0	0
0.9296875	1466	0	0	0.32704898123895554	688	0	0	0
0.953125	1860	0	0	0.31974908555792686	656	0	0	0
0.96875	2104	0	0	0.3189768478366023	758	0	0	0
0.984375	1188	0	0	0.2975448603713005	666	0	0	0
0.984375	1034	0	0	0.28053135140178037	748	0	0	0
0.96875	1818	0	0	0.3131561528600062	702	0	0	0
0.9453125	1192	0	0	0.29898617391625915	702	0	0	0
0.984375	1106	0	0	0.3053783566469657	708	0	0	0
0.984375	916	0	0	0.28172401316691215	640	0	0	0
0.984375	1730	0	0	0.31702341154833824	704	0	0	0
0.9375	1198	0	0	0.3031753646456432	694	0	0	0
1.0	2414	0	0	0.3521947261066888	774	0	0	0
1.0	1518	0	0	0.32631653272783184	764	0	0	0
0.9375	1080	0	0	0.293922607291932	658	0	0	0
1.0	1402	0	0	0.31175147188206953	684	0	0	0
0.9609375	2194	0	0	0.33446295971505585	758	0	0	0
0.9375	1190	0	0	0.2916995415002544	702	0	0	0
1.0	1252	0	0	0.2955914607402102	744	0	0	0
0.86328125	2238	0	0	0.3427901640402802	722	0	0	0
0.9765625	1096	0	0	0.2928021729029194	734	0	0	0
0.9453125	1250	0	0	0.30553153451447956	670	0	0	0
0.984375	2482	0	0	0.33526697633372493	772	0	0	0
0.96875	1150	0	0	0.315713549748478	672	0	0	0
1.0	1504	0	0	0.32621966613495595	762	0	0	0
0.9375	1164	0	0	0.3078224339562443	662	0	0	0
0.953125	2502	0	0	0.36620609238566854	722	0	0	0
0.984375	2226	0	0	0.3086624780430731	668	0	0	0
1.0	1342	0	0	0.3168074335023755	762	0	0	0
0.921875	1536	0	0	0.3276694016953487	722	0	0	0
1.0	1596	0	0	0.3161698603276744	800	0	0	0
0.9375	1228	0	0	0.3070791862568358	696	0	0	0
1.0	1164	0	0	0.27769543254342716	726	0	0	0
0.91796875	1356	0	0	0.32075503902767144	668	0	0	0
0.984375	998	0	0	0.27770385695935335	638	0	0	0
0.96875	2248	0	0	0.3268684210805304	794	0	0	0
0.984375	1132	0	0	0.2823528770755015	662	0	0	0
0.953125	774	0	0	0.2838047075717562	662	0	0	0
0.984375	1430	0	0	0.30300942388127083	706	0	0	0
0.96875	2360	0	0	0.3419016572795183	700	0	0	0
0.984375	1434	0	0	0.3152220715736114	710	0	0	0
0.9609375	1546	0	0	0.30442783867740814	716	0	0	0
0.9375	1034	0	0	0.2892605111375609	688	0	0	0
0.953125	1202	0	0	0.31576420326274024	670	0	0	0
0.875	1442	0	0	0.3238178240408754	674	0	0	0
0.9453125	990	0	0	0.2715447819828805	602	0	0	0
0.9375	1070	0	0	0.29823567453334526	622	0	0	0
0.9765625	1424	0	0	0.30867904557251147	702	0	0	0
0.9375	2164	0	0	0.34111427166155245	740	0	0	0
0.984375	1512	0	0	0.33284101145823514	752	0	0	0
0.984375	1438	0	0	0.31346752249251003	772	0	0	0
0.97265625	1256	0	0	0.3142263022623925	738	0	0	0
0.984375	1146	0	0	0.28961918988601504	704	0	0	0
0.984375	954	0	0	0.28538634423735376	696	0	0	0
0.984375	2732	0	0	0.3583957020995575	794	0	0	0
0.9375	2038	0	0	0.3279970547303899	690	0	0	0
0.875	722	0	0	0.25711164818379795	548	0	0	0
1.0	1602	0	0	0.32791859726440653	792	0	0	0
0.96875	1196	0	0	0.29654237215595713	650	0	0	0
0.9375	2326	0	0	0.3408887751542309	720	0	0	0
1.0	2344	0	0	0.3433684879237169	780	0	0	0
0.890625	1964	0	0	0.31298961709243234	684	0	0	0
0.86328125	1344	0	0	0.31608606838080916	666	0	0	0
0.9375	2168	0	0	0.3263927796651573	690	0	0	0
0.9375	550	0	0	0.18422522906282543	554	0	0	0
0.86328125	1276	0	0	0.2931655872099251	624	0	0	0
0.9375	1402	0	0	0.3214534512984167	718	0	0	0
0.9375	932	0	0	0.26880507847257257	612	0	0	0
0.9375	1124	0	0	0.3072727394911229	664	0	0	0
0.9609375	878	0	0	0.27485927426107465	616	0	0	0
1.0	1062	0	0	0.2964331516617273	652	0	0	0
0.9375	1744	0	0	0.3310432726602311	782	0	0	0
0.9375	1658	0	0	0.32301857853822835	758	0	0	0
0.9765625	434	0	0	0.19773904742872564	592	0	0	0
1.0	1602	0	0	0.3272504855182299	794	0	0	0
0.9375	1116	0	0	0.3075303322371961	686	0	0	0
0.984375	1048	0	0	0.2735386453306862	670	0	0	0
1.0	994	0	0	0.28274470766447285	716	0	0	0
0.984375	846	0	0	0.25166013783780544	658	0	0	0
0.828125	1078	0	0	0.27321584771099183	594	0	0	0
0.9375	3142	0	0	0.3762951866646625	738	0	0	0
1.0	1264	0	0	0.30975387040928415	718	0	0	0
0.9375	906	0	0	0.2861536883572297	622	0	0	0
1.0	1694	0	0	0.3292842531176121	770	0	0	0
0.984375	2476	0	0	0.3491338479899013	800	0	0	0
0.96875	2086	0	0	0.32608637251787775	706	0	0	0
0.9453125	1770	0	0	0.3379417863497982	746	0	0	0
0.9296875	1702	0	0	0.32285336366463147	728	0	0	0
0.875	814	0	0	0.22475897678867396	564	0	0	0
0.9765625	1702	0	0	0.30903187058494397	726	0	0	0
1.0	2062	0	0	0.32072542143298977	740	0	0	0
0.984375	1282	0	0	0.30035131506631507	698	0	0	0
0.9375	1062	0	0	0.2810792552943441	686	0	0	0
1.0	1972	0	0	0.3332669739570339	766	0	0	0
0.9375	498	0	0	0.21655461852728156	594	0	0	0
0.984375	1156	0	0	0.2945461903134489	734	0	0	0
0.9375	2100	0	0	0.33738003104372366	692	0	0	0
0.96875	822	0	0	0.27192937237125697	642	0	0	0
0.9375	834	0	0	0.2618654180165009	662	0	0	0
1.0	1206	0	0	0.2810211055981797	720	0	0	0
1.0	1516	0	0	0.3104055575142836	766	0	0	0
0.86328125	870	0	0	0.27184764586291676	574	0	0	0
0.953125	2124	0	0	0.3234071921981584	684	0	0	0
0.984375	1598	0	0	0.3400026846761211	744	0	0	0
0.9375	1946	0	0	0.30652799884773146	686	0	0	0
0.9453125	758	0	0	0.25576226239795086	660	0	0	0
0.96875	1614	0	0	0.32562214582735205	750	0	0	0
0.984375	1014	0	0	0.2863422783928077	726	0	0	0
0.9375	1484	0	0	0.32835608705562697	716	0	0	0
1.0	1012	0	0	0.278996640646434	636	0	0	0
0.9375	2744	0	0	0.3528483064256994	752	0	0	0
0.9453125	1572	0	0	0.3229219768512018	770	0	0	0
1.0	2216	0	0	0.3350173106280155	858	0	0	0
0.9375	1020	0	0	0.28412269834405635	678	0	0	0
0.9375	1488	0	0	0.32446491092759355	752	0	0	0
0.96875	904	0	0	0.25820504320906057	734	0	0	0
0.984375	1400	0	0	0.3106963152364103	784	0	0	0
0.98046875	1244	0	0	0.3060296749643029	668	0	0	0
1.0	768	0	0	0.25149630799456213	648	0	0	0
0.9375	1086	0	0	0.2768608423170091	692	0	0	0
0.9375	796	0	0	0.2721396089872061	642	0	0	0
0.953125	1186	0	0	0.297103929277486	666	0	0	0
0.984375	960	0	0	0.27541845596628595	706	0	0	0
0.9375	836	0	0	0.2751572364105413	642	0	0	0
0.984375	2278	0	0	0.33057419018036094	764	0	0	0
0.9375	998	0	0	0.2981977411100586	668	0	0	0
0.953125	1128	0	0	0.28990286457215	660	0	0	0
0.9375	1158	0	0	0.28374624883400573	668	0	0	0
0.9375	1062	0	0	0.29905711735387547	672	0	0	0
0.890625	2694	0	0	0.35203501400672665	716	0	0	0
0.84375	862	0	0	0.2863041437540788	578	0	0	0
0.984375	1452	0	0	0.32912580361670396	766	0	0	0
0.984375	1610	0	0	0.3152150925854995	768	0	0	0
0.96875	1384	0	0	0.32139205590631104	680	0	0	0
0.96875	1174	0	0	0.3091401769527273	650	0	0	0
0.921875	1092	0	0	0.28252304682933876	724	0	0	0
0.96875	1560	0	0	0.33745345524282183	704	0	0	0
0.96875	1290	0	0	0.3127720425719486	724	0	0	0
0.9375	644	0	0	0.25261973270134946	630	0	0	0
0.953125	1128	0	0	0.2941181457350678	714	0	0	0
0.9296875	1876	0	0	0.30999354467734963	658	0	0	0
0.984375	988	0	0	0.2811702559213558	720	0	0	0
0.984375	1194	0	0	0.30788409586616045	690	0	0	0
0.984375	1180	0	0	0.2933834540339327	756	0	0	0
0.9765625	2146	0	0	0.3290494062508955	718	0	0	0
1.0	1366	0	0	0.30385362883430783	726	0	0	0
0.9375	1870	0	0	0.32415526577502946	644	0	0	0
0.9375	1208	0	0	0.28873980339902294	688	0	0	0
0.9765625	758	0	0	0.2712766569569288	618	0	0	0
0.9375	1008	0	0	0.2769568165999553	644	0	0	0
0.9375	1136	0	0	0.3089161458211195	684	0	0	0
0.9765625	1698	0	0	0.32734462951584653	758	0	0	0
1.0	1230	0	0	0.2994478884730551	734	0	0	0
0.9375	3722	0	0	0.3694392276542071	830	0	0	0
0.984375	1264	0	0	0.3056729080167689	722	0	0	0
0.9375	1798	0	0	0.33293599107554145	752	0	0	0
0.9765625	998	0	0	0.27406428720092735	630	0	0	0
0.9375	2980	0	0	0.3433466767177397	736	0	0	0
0.984375	640	0	0	0.236698606994686	632	0	0	0
1.0	1312	0	0	0.3125191431379619	706	0	0	0
0.96875	1136	0	0	0.2805302691428075	636	0	0	0
0.96875	1380	0	0	0.3196230639582252	736	0	0	0
0.96875	1248	0	0	0.2804493802413969	686	0	0	0
0.9296875	1946	0	0	0.32122482104449496	698	0	0	0
0.9765625	1194	0	0	0.3067604281865192	712	0	0	0
1.0	1134	0	0	0.27496089438117377	638	0	0	0
0.9609375	1056	0	0	0.2881712144111897	626	0	0	0
0.90625	1174	0	0	0.3086933668403506	660	0	0	0
0.9609375	1544	0	0	0.3271592464628359	700	0	0	0
0.984375	2514	0	0	0.3423785032614244	798	0	0	0
0.984375	1704	0	0	0.3367077952602823	762	0	0	0
0.953125	2232	0	0	0.33831534705895033	726	0	0	0
0.984375	1452	0	0	0.32569088750116726	762	0	0	0
0.9375	2666	0	0	0.3363493705066215	748	0	0	0
0.96484375	1900	0	0	0.31753739966968797	702	0	0	0
0.984375	1262	0	0	0.31850011996819405	762	0	0	0
0.86328125	1364	0	0	0.3028518700821562	668	0	0	0
1.0	1222	0	0	0.28754797910258945	698	0	0	0
0.984375	1198	0	0	0.2868168922770643	704	0	0	0
0.9375	2066	0	0	0.3359770779123574	742	0	0	0
0.96875	1028	0	0	0.27871578347193643	630	0	0	0
0.921875	1700	0	0	0.3330717301374838	752	0	0	0
0.953125	1746	0	0	0.33465121409729703	694	0	0	0
0.9375	2178	0	0	0.34250146615278837	762	0	0	0
1.0	1602	0	0	0.3347324017274084	740	0	0	0
1.0	826	0	0	0.28101711054785716	624	0	0	0
0.9375	1120	0	0	0.2871973124338317	632	0	0	0
1.0	1534	0	0	0.31303958369764195	758	0	0	0
0.96875	1112	0	0	0.2998180975109924	706	0	0	0
0.9375	3000	0	0	0.3656844090158646	730	0	0	0
0.9375	582	0	0	0.22183412852166365	576	0	0	0
0.9375	1542	0	0	0.32760832354925545	686	0	0	0
0.984375	2262	0	0	0.3243111618110852	748	0	0	0
1.0	2356	0	0	0.3472494991758445	828	0	0	0
0.9375	1040	0	0	0.29831487698400927	670	0	0	0
0.9375	762	0	0	0.2582160920276187	678	0	0	0
0.9375	2218	0	0	0.32071981366018326	762	0	0	0
0.96875	2102	0	0	0.31072253813228223	670	0	0	0
0.9765625	2310	0	0	0.35192696544417046	754	0	0	0
0.96875	2596	0	0	0.33933589038848017	802	0	0	0
0.9375	3352	0	0	0.3683336374555194	776	0	0	0
1.0	944	0	0	0.2724018194635417	682	0	0	0
0.984375	2540	0	0	0.3458173356770265	794	0	0	0
0.9375	1162	0	0	0.3002772467481057	728	0	0	0
0.953125	2158	0	0	0.3192744683372112	724	0	0	0
0.984375	1764	0	0	0.3299033941014667	794	0	0	0
0.98046875	3444	0	0	0.36872466950424565	816	0	0	0
1.0	912	0	0	0.2693870983172795	722	0	0	0
0.9375	1268	0	0	0.2949167134370117	728	0	0	0
0.921875	952	0	0	0.2693776067117453	614	0	0	0
0.90234375	1572	0	0	0.33074454135845777	672	0	0	0
0.96875	2062	0	0	0.32913933367023124	626	0	0	0
0.96875	1390	0	0	0.32996092676677646	714	0	0	0
0.984375	1142	0	0	0.29294911979980165	716	0	0	0
0.86328125	1544	0	0	0.3259836829375747	690	0	0	0
0.9375	1056	0	0	0.3071492011771259	688	0	0	0
0.98828125	1116	0	0	0.2934725707154964	730	0	0	0
0.9375	754	0	0	0.24112169955936474	598	0	0	0
1.0	1220	0	0	0.29398898771536686	764	0	0	0
0.96875	1416	0	0	0.29726995910611276	720	0	0	0
0.8828125	878	0	0	0.2653612931380742	564	0	0	0
0.90234375	798	0	0	0.2620227848563275	592	0	0	0
0.984375	1564	0	0	0.33129161570151267	792	0	0	0
0.9375	874	0	0	0.27221770502753023	656	0	0	0
0.9375	860	0	0	0.26213830306275004	638	0	0	0
0.984375	1128	0	0	0.2849695723697382	696	0	0	0
0.859375	1420	0	0	0.3303904806557226	698	0	0	0
1.0	1118	0	0	0.3080900540457478	656	0	0	0
0.953125	1462	0	0	0.33040291059111404	684	0	0	0
1.0	1138	0	0	0.28908622266636486	730	0	0	0
0.9375	1452	0	0	0.3024959761628741	792	0	0	0
0.9375	1294	0	0	0.31624650783669866	686	0	0	0
0.984375	934	0	0	0.28725326246351957	630	0	0	0
0.9375	1810	0	0	0.3351531522178602	748	0	0	0
0.9375	1278	0	0	0.2953189952544535	632	0	0	0
0.9765625	1228	0	0	0.30662557998267415	672	0	0	0
0.921875	720	0	0	0.2719592189797281	606	0	0	0
0.984375	1134	0	0	0.3029508402117901	696	0	0	0
1.0	1310	0	0	0.2961211279104785	770	0	0	0
0.96875	1332	0	0	0.30430318678129	742	0	0	0
0.9375	1046	0	0	0.2716600768388238	708	0	0	0
0.9609375	1098	0	0	0.2912200209125684	640	0	0	0
0.97265625	1018	0	0	0.28987359776273675	660	0	0	0
0.921875	1716	0	0	0.3293769971346024	712	0	0	0
0.984375	2424	0	0	0.33778704012445365	806	0	0	0
0.953125	1282	0	0	0.30320849593570726	682	0	0	0
0.96875	1264	0	0	0.29877211860054276	750	0	0	0
0.9375	784	0	0	0.2669385795450902	626	0	0	0
0.9609375	1056	0	0	0.27980874446256476	696	0	0	0
0.96875	1980	0	0	0.32643693013471425	652	0	0	0
1.0	1138	0	0	0.2846586151838672	634	0	0	0
0.9375	1422	0	0	0.32676569667671723	706	0	0	0
0.984375	1722	0	0	0.32795263622158377	772	0	0	0
0.9375	916	0	0	0.27433608472097154	596	0	0	0
0.87890625	1142	0	0	0.29995241931372635	578	0	0	0
1.0	1060	0	0	0.28333422025859367	738	0	0	0
0.9375	2780	0	0	0.3013228798946843	678	0	0	0
0.921875	2204	0	0	0.3351689534901557	700	0	0	0
0.9375	1018	0	0	0.2934862702350902	636	0	0	0
0.9375	672	0	0	0.24670412800228758	572	0	0	0
0.9375	1072	0	0	0.29451189137617495	704	0	0	0
0.9375	718	0	0	0.2502139539813198	560	0	0	0
0.96875	860	0	0	0.26848755744223746	648	0	0	0
0.984375	2208	0	0	0.33285425998721907	764	0	0	0
0.984375	1452	0	0	0.2921205290216259	744	0	0	0
1.0	862	0	0	0.2702687787523163	650	0	0	0
1.0	1238	0	0	0.306624399109813	728	0	0	0
0.921875	800	0	0	0.22566530881294472	596	0	0	0
0.984375	778	0	0	0.26219262425232776	714	0	0	0
0.9609375	1466	0	0	0.323079037670362	744	0	0	0
0.9375	1324	0	0	0.3133265564269844	648	0	0	0
0.9375	1056	0	0	0.29549391437308414	682	0	0	0
0.9375	1192	0	0	0.3007968657947463	704	0	0	0
0.96875	1924	0	0	0.3400270079259843	670	0	0	0
0.984375	1294	0	0	0.2935285267993986	758	0	0	0
0.9375	854	0	0	0.27677265448130195	624	0	0	0
0.96875	2108	0	0	0.3256791587274229	668	0	0	0
0.9375	1316	0	0	0.30310293088259255	658	0	0	0
0.984375	1904	0	0	0.3260795906097579	690	0	0	0
0.984375	1200	0	0	0.30163391244783283	678	0	0	0
0.9375	996	0	0	0.28387754613139266	658	0	0	0
0.984375	1714	0	0	0.33778515952085075	694	0	0	0
1.0	1266	0	0	0.30153724306501517	746	0	0	0
0.9375	1090	0	0	0.3155944440101296	670	0	0	0
0.96875	1344	0	0	0.3141276706794141	702	0	0	0
0.9375	1174	0	0	0.3076613646016103	696	0	0	0
0.9375	1568	0	0	0.32093690030767913	740	0	0	0
1.0	1870	0	0	0.3341607860133855	772	0	0	0
1.0	1678	0	0	0.3289332348876627	780	0	0	0
0.984375	1354	0	0	0.29125995267134536	700	0	0	0
0.9375	968	0	0	0.2834917387302248	636	0	0	0
0.96875	1424	0	0	0.3129385265923664	748	0	0	0
0.984375	1552	0	0	0.318899121279325	820	0	0	0
0.96875	974	0	0	0.30284950092152085	660	0	0	0
0.9375	2134	0	0	0.3460215607497603	748	0	0	0
0.9765625	1958	0	0	0.3179778840687791	738	0	0	0
0.96875	1322	0	0	0.28924537315241516	678	0	0	0
0.9375	2616	0	0	0.33777244451868993	718	0	0	0
0.9375	1744	0	0	0.34332309585422954	746	0	0	0
1.0	2322	0	0	0.34132891903318474	732	0	0	0
0.9375	1054	0	0	0.2930511692556724	708	0	0	0
1.0	1030	0	0	0.28645244086040256	696	0	0	0
0.984375	1222	0	0	0.2997921463084744	746	0	0	0
0.984375	1212	0	0	0.2948076474514409	746	0	0	0
0.96875	2130	0	0	0.34245227470304485	722	0	0	0
0.9765625	1580	0	0	0.33147938853666337	724	0	0	0
0.96484375	1294	0	0	0.3016055921006298	734	0	0	0
0.9375	1098	0	0	0.3162249406511041	674	0	0	0
0.984375	1552	0	0	0.31302945372588603	712	0	0	0
0.9375	1116	0	0	0.291042708019348	656	0	0	0
0.984375	988	0	0	0.2991166302804264	646	0	0	0
0.9375	2024	0	0	0.3242272658585889	696	0	0	0
0.91796875	1898	0	0	0.31195590486633634	738	0	0	0
0.9375	848	0	0	0.26133832842396626	634	0	0	0
0.94140625	2776	0	0	0.34574272941279444	804	0	0	0
0.984375	1572	0	0	0.3259338675450387	776	0	0	0
0.9375	1000	0	0	0.2793011282635915	650	0	0	0
1.0	1172	0	0	0.30631980107606466	660	0	0	0
0.984375	532	0	0	0.2229896585520399	598	0	0	0
1.0	1564	0	0	0.3222473205600734	714	0	0	0
0.984375	1370	0	0	0.3075048274511012	746	0	0	0
1.0	1596	0	0	0.3281690419565602	750	0	0	0
0.96875	926	0	0	0.27068163824804664	704	0	0	0
0.984375	1008	0	0	0.3003672225345899	698	0	0	0
0.8671875	698	0	0	0.2467763776000233	546	0	0	0
0.86328125	852	0	0	0.2879444566044835	606	0	0	0
0.9375	1238	0	0	0.29464192613497864	708	0	0	0
1.0	3108	0	0	0.37688506922108406	836	0	0	0
0.953125	1302	0	0	0.3139867383971685	716	0	0	0
1.0	1260	0	0	0.3130189571819771	736	0	0	0
0.96875	1968	0	0	0.34484249659542376	774	0	0	0
0.90625	1234	0	0	0.30898314195923327	668	0	0	0
0.90234375	1240	0	0	0.31888526139803	620	0	0	0
0.94140625	2140	0	0	0.3490644050237931	814	0	0	0
0.9375	900	0	0	0.28446268732985924	656	0	0	0
0.953125	1430	0	0	0.317546244447375	716	0	0	0
1.0	1044	0	0	0.28123501927247013	712	0	0	0
0.9375	1192	0	0	0.3143008675398671	650	0	0	0
0.9375	1070	0	0	0.3020585340581655	644	0	0	0
0.9375	1322	0	0	0.3238709029147065	670	0	0	0
0.9765625	2408	0	0	0.34776359047204475	768	0	0	0
0.984375	2024	0	0	0.32771965790977853	672	0	0	0
0.984375	1110	0	0	0.30495280993661705	710	0	0	0
0.9375	802	0	0	0.27437094293598624	654	0	0	0
0.953125	1106	0	0	0.28592402188161614	704	0	0	0
0.8828125	1924	0	0	0.31276373919793143	674	0	0	0
0.9375	1028	0	0	0.27693343625394695	734	0	0	0
0.90234375	1454	0	0	0.30163415426094775	666	0	0	0
1.0	1302	0	0	0.30747980019807614	740	0	0	0
0.984375	1238	0	0	0.29384517933706944	764	0	0	0
0.9296875	1412	0	0	0.32296736164515893	670	0	0	0
0.9375	1898	0	0	0.31990830182182406	692	0	0	0
1.0	912	0	0	0.2825236605212664	678	0	0	0
0.90234375	2238	0	0	0.328830166052214	738	0	0	0
1.0	2138	0	0	0.3208239332901496	734	0	0	0
0.9375	1218	0	0	0.31331303169313857	702	0	0	0
0.953125	880	0	0	0.2615024073343555	662	0	0	0
0.9375	1246	0	0	0.3012720592411251	688	0	0	0
0.953125	1422	0	0	0.31847057200343687	734	0	0	0
0.984375	1302	0	0	0.3021734988474777	724	0	0	0
0.984375	2522	0	0	0.3260208352275498	752	0	0	0
1.0	3128	0	0	0.366390197493108	720	0	0	0
1.0	1008	0	0	0.27744147120677076	698	0	0	0
0.9375	1310	0	0	0.307427969141666	718	0	0	0
1.0	2252	0	0	0.31859848171235977	768	0	0	0
0.9375	1604	0	0	0.331064737089579	692	0	0	0
0.984375	1664	0	0	0.3199643262468997	766	0	0	0
0.984375	1392	0	0	0.31441649676730976	698	0	0	0
0.984375	1184	0	0	0.3054840249167345	666	0	0	0
0.984375	1288	0	0	0.296274769799933	712	0	0	0
0.9609375	1344	0	0	0.3003002923421335	668	0	0	0
0.9375	1420	0	0	0.3002181598380461	728	0	0	0
0.9375	1412	0	0	0.3185993667577012	658	0	0	0
0.984375	982	0	0	0.28081675590125055	656	0	0	0
0.9375	1630	0	0	0.3428813409261361	730	0	0	0
1.0	1494	0	0	0.3238011945707688	746	0	0	0
0.9375	1426	0	0	0.31164763397477935	732	0	0	0
1.0	1320	0	0	0.3045750549391715	754	0	0	0
0.9609375	1506	0	0	0.3109414659628055	752	0	0	0
0.96875	2352	0	0	0.33601690190171485	734	0	0	0
0.96875	1958	0	0	0.31517181654549675	748	0	0	0
0.96875	1276	0	0	0.31540805053297977	656	0	0	0
0.96875	1526	0	0	0.32725975913543603	740	0	0	0
0.9375	874	0	0	0.269284359278168	622	0	0	0
0.9375	1484	0	0	0.3351710483168684	698	0	0	0
0.9375	1110	0	0	0.29290538772634844	666	0	0	0
0.96875	800	0	0	0.2699789398913306	622	0	0	0
0.875	1084	0	0	0.29598282358931094	612	0	0	0
0.984375	1298	0	0	0.3165544484196976	720	0	0	0
1.0	1372	0	0	0.312286843354643	790	0	0	0
0.9375	1144	0	0	0.2951583728201064	644	0	0	0
0.9609375	2012	0	0	0.3139899109535072	690	0	0	0
0.890625	868	0	0	0.2663679367951577	612	0	0	0
0.984375	1114	0	0	0.2832309693168336	712	0	0	0
0.9375	846	0	0	0.2639864510520451	570	0	0	0
0.9375	590	0	0	0.2549452906823002	628	0	0	0
0.984375	1044	0	0	0.2896374046492175	694	0	0	0
0.90625	1098	0	0	0.30725047225957164	654	0	0	0
1.0	2080	0	0	0.32380433515954277	792	0	0	0
1.0	2122	0	0	0.3234953821553221	712	0	0	0
0.953125	1188	0	0	0.3075156188658384	680	0	0	0
0.9375	2408	0	0	0.3354457151746087	840	0	0	0
0.9765625	1124	0	0	0.31449937463554584	670	0	0	0
0.9375	838	0	0	0.24726002883497572	640	0	0	0
0.90234375	846	0	0	0.26033462687981485	618	0	0	0
0.90234375	954	0	0	0.28939646282314224	698	0	0	0
0.984375	2148	0	0	0.3461384783026532	692	0	0	0
1.0	2506	0	0	0.3472528350254912	782	0	0	0
1.0	1338	0	0	0.3194882191901441	692	0	0	0
0.90234375	1954	0	0	0.3515732079432583	702	0	0	0
1.0	1044	0	0	0.2959731390283636	692	0	0	0
0.98828125	1018	0	0	0.28125408492948606	668	0	0	0
0.984375	1474	0	0	0.32476951156894	758	0	0	0
0.984375	1142	0	0	0.2857867553315501	644	0	0	0
0.953125	1370	0	0	0.31895673647517664	734	0	0	0
0.984375	1164	0	0	0.30099549441900564	632	0	0	0
1.0	1146	0	0	0.2950892565000001	714	0	0	0
0.9375	1230	0	0	0.3231441395456465	698	0	0	0
0.9375	858	0	0	0.2581222699741837	570	0	0	0
0.86328125	2170	0	0	0.33423273958137845	688	0	0	0
1.0	984	0	0	0.2779195060012545	722	0	0	0
0.9375	1898	0	0	0.3240605429659889	656	0	0	0
0.9375	946	0	0	0.2674508830054274	692	0	0	0
0.96875	1172	0	0	0.2973512931342947	718	0	0	0
1.0	1074	0	0	0.2839859026581881	704	0	0	0
1.0	1556	0	0	0.3051353408655304	768	0	0	0
0.9375	1430	0	0	0.3246151761279551	702	0	0	0
1.0	2200	0	0	0.336707312632555	710	0	0	0
0.9609375	1978	0	0	0.33065161996265524	768	0	0	0
0.984375	1296	0	0	0.2885954827898526	710	0	0	0
0.9375	1148	0	0	0.30705648075956343	646	0	0	0
0.921875	1036	0	0	0.30749896230251444	650	0	0	0
0.984375	902	0	0	0.2847112179992116	704	0	0	0
0.9375	800	0	0	0.2846265133753881	612	0	0	0
0.9453125	1696	0	0	0.2943663085879506	684	0	0	0
1.0	1366	0	0	0.3049634537868026	802	0	0	0
0.984375	1704	0	0	0.32420614354633215	734	0	0	0
0.875	3404	0	0	0.3583091758815336	720	0	0	0
0.984375	1334	0	0	0.3092979779816285	696	0	0	0
0.984375	1040	0	0	0.2911280656855627	680	0	0	0
0.9375	840	0	0	0.2632753371159612	696	0	0	0
0.984375	840	0	0	0.2775968625304199	602	0	0	0
0.984375	2376	0	0	0.35037568027077587	744	0	0	0
0.9375	1006	0	0	0.2912793611783994	606	0	0	0
1.0	1492	0	0	0.3217579142444858	726	0	0	0
0.9375	1272	0	0	0.3094964445576571	686	0	0	0
0.9375	1442	0	0	0.33068904044998815	704	0	0	0
0.984375	1102	0	0	0.28571328341081215	624	0	0	0
0.9375	1504	0	0	0.3232903963579445	728	0	0	0
1.0	1504	0	0	0.30157888854527	734	0	0	0
0.9375	1062	0	0	0.2962708496198912	566	0	0	0
0.9609375	948	0	0	0.2928048960565359	618	0	0	0
0.9375	1116	0	0	0.3099474637365741	574	0	0	0
0.9375	1172	0	0	0.2910140298347988	628	0	0	0
0.9375	1702	0	0	0.33446823747942034	732	0	0	0
0.953125	1154	0	0	0.283537202521781	728	0	0	0
1.0	1304	0	0	0.2989028020881221	758	0	0	0
0.86328125	2064	0	0	0.3090701799229905	650	0	0	0
0.9375	1182	0	0	0.2896078080974446	682	0	0	0
0.984375	1326	0	0	0.30748859625250285	722	0	0	0
0.9765625	1198	0	0	0.3079697401968002	658	0	0	0
0.96875	1140	0	0	0.2931859280114485	646	0	0	0
0.9375	1490	0	0	0.3180113114247044	740	0	0	0
0.9375	1942	0	0	0.3285480696525333	662	0	0	0
0.96875	626	0	0	0.22739721695204512	636	0	0	0
1.0	1970	0	0	0.32898724217831815	824	0	0	0
0.9375	1208	0	0	0.2965644191561482	740	0	0	0
0.9375	2026	0	0	0.31900823921830995	656	0	0	0
1.0	940	0	0	0.27097495218790035	650	0	0	0
0.9375	1258	0	0	0.32049738320045923	728	0	0	0
0.90234375	994	0	0	0.26728340565096703	580	0	0	0
0.984375	1296	0	0	0.29401966033332244	716	0	0	0
0.953125	1008	0	0	0.2807646894962634	620	0	0	0
0.953125	1056	0	0	0.31020271869142735	628	0	0	0
0.9765625	780	0	0	0.2531288752586834	656	0	0	0
0.984375	3062	0	0	0.3584589852504958	748	0	0	0
0.9765625	2056	0	0	0.3250750922312473	744	0	0	0
1.0	1146	0	0	0.3088798744408126	716	0	0	0
0.86328125	1634	0	0	0.3243250495090681	684	0	0	0
0.921875	726	0	0	0.26286162282133047	594	0	0	0
0.96484375	1460	0	0	0.3281745228938408	694	0	0	0
1.0	1318	0	0	0.3186732877373574	718	0	0	0
0.9375	932	0	0	0.2724849836217604	650	0	0	0
0.9375	918	0	0	0.3020257709158806	616	0	0	0
1.0	1482	0	0	0.3200001104877195	770	0	0	0
0.9375	1104	0	0	0.2974119578207705	680	0	0	0
0.94140625	1550	0	0	0.33673331091489206	748	0	0	0
0.86328125	840	0	0	0.27082538967471226	572	0	0	0
0.96875	1072	0	0	0.2932048963593401	724	0	0	0
0.9375	904	0	0	0.27689293632462014	676	0	0	0
0.984375	1546	0	0	0.32657118844458777	732	0	0	0
0.9375	2048	0	0	0.33439241680364873	710	0	0	0
0.96875	970	0	0	0.27890214852790385	658	0	0	0
0.94140625	1662	0	0	0.33551183556073094	748	0	0	0
0.96875	856	0	0	0.26178566102753636	616	0	0	0
0.984375	1342	0	0	0.304533972136764	710	0	0	0
0.9375	1272	0	0	0.30174590727806194	708	0	0	0
0.86328125	2314	0	0	0.3439035236994771	696	0	0	0
0.86328125	958	0	0	0.27358399827812196	616	0	0	0
0.984375	1370	0	0	0.2985592914681781	756	0	0	0
0.875	2358	0	0	0.3496501629970064	684	0	0	0
0.9375	1132	0	0	0.31008471175827707	684	0	0	0
1.0	1408	0	0	0.30691108373793474	716	0	0	0
0.9375	1318	0	0	0.3037423795964935	714	0	0	0
0.96875	1552	0	0	0.32137690956139214	750	0	0	0
0.953125	2382	0	0	0.34761300000470025	766	0	0	0
0.9765625	978	0	0	0.2702070988754039	668	0	0	0
0.9375	934	0	0	0.28303227052884794	638	0	0	0
0.96875	1002	0	0	0.2766471849628688	704	0	0	0
0.96875	1226	0	0	0.30182277891974096	716	0	0	0
0.984375	1400	0	0	0.311700736823266	714	0	0	0
0.9375	1164	0	0	0.30992558926304287	634	0	0	0
0.86328125	1036	0	0	0.2910937426649169	574	0	0	0
0.984375	1192	0	0	0.3014316287281466	704	0	0	0
0.9375	1920	0	0	0.3186476891860483	732	0	0	0
1.0	1434	0	0	0.29878049097383924	760	0	0	0
0.9375	970	0	0	0.2794655346646185	692	0	0	0
0.9375	1322	0	0	0.3242309765764415	730	0	0	0
0.90234375	1656	0	0	0.3415747378516058	698	0	0	0
0.86328125	880	0	0	0.2762941116177727	548	0	0	0
1.0	1370	0	0	0.31117909859405185	748	0	0	0
1.0	1188	0	0	0.28654095125095186	702	0	0	0
0.9375	1378	0	0	0.3143530788367048	666	0	0	0
0.953125	1470	0	0	0.3178049492758506	684	0	0	0
0.984375	1580	0	0	0.3235089495510819	716	0	0	0
0.984375	1188	0	0	0.2934965389280244	724	0	0	0
0.984375	1106	0	0	0.2746840994885259	648	0	0	0
0.984375	1444	0	0	0.3270591950390546	700	0	0	0
0.984375	2216	0	0	0.3455497403480296	766	0	0	0
0.9375	1188	0	0	0.3002235533940602	698	0	0	0
0.96875	902	0	0	0.25919477194347706	620	0	0	0
1.0	858	0	0	0.25397197760109125	674	0	0	0
0.9609375	2110	0	0	0.313822050387323	700	0	0	0
0.91796875	1236	0	0	0.3075961778828412	646	0	0	0
0.984375	2046	0	0	0.3382894847019163	784	0	0	0
0.9375	1332	0	0	0.30718657950833433	690	0	0	0
0.9375	1214	0	0	0.3068594360956621	678	0	0	0
0.953125	2148	0	0	0.33298371128219734	740	0	0	0
0.984375	1918	0	0	0.3300548711638429	734	0	0	0
0.86328125	1096	0	0	0.283851739599102	636	0	0	0
0.984375	822	0	0	0.26779821999510733	678	0	0	0
0.94140625	1334	0	0	0.3073976366090713	736	0	0	0
0.984375	1112	0	0	0.27302864210541494	636	0	0	0
0.9375	1000	0	0	0.27577547303967764	676	0	0	0
1.0	2644	0	0	0.3528681409842543	824	0	0	0
0.9609375	1088	0	0	0.29062840694915915	692	0	0	0
1.0	1452	0	0	0.31162147397204354	718	0	0	0
0.984375	968	0	0	0.29102400216725444	724	0	0	0
0.9375	982	0	0	0.30203058715785575	672	0	0	0
0.96875	778	0	0	0.25217907838508663	684	0	0	0
1.0	1470	0	0	0.3157912708225499	746	0	0	0
0.984375	906	0	0	0.27796359994481007	690	0	0	0
0.96875	994	0	0	0.27685132229029574	636	0	0	0
0.9453125	954	0	0	0.27531675891069857	700	0	0	0
0.953125	2658	0	0	0.3566743772306237	758	0	0	0
0.984375	2392	0	0	0.34922179467665637	792	0	0	0
0.984375	1278	0	0	0.2999071706402247	710	0	0	0
0.9375	1190	0	0	0.31177990545288636	682	0	0	0
1.0	1180	0	0	0.30080151690374446	690	0	0	0
0.96875	1404	0	0	0.31196942099327385	756	0	0	0
0.9765625	2540	0	0	0.3335726518503644	736	0	0	0
1.0	1402	0	0	0.30516153108986227	680	0	0	0
0.9375	1372	0	0	0.32075716181629477	722	0	0	0
0.98828125	1488	0	0	0.31683312847006817	718	0	0	0
0.86328125	1906	0	0	0.320238569943102	652	0	0	0
0.984375	2618	0	0	0.3484989859270053	806	0	0	0
0.9375	998	0	0	0.2925360846737205	670	0	0	0
0.9375	1504	0	0	0.32634876469885715	710	0	0	0
0.96875	1036	0	0	0.30920024115239325	678	0	0	0
0.87890625	2076	0	0	0.31831260282344664	702	0	0	0
0.9375	2186	0	0	0.3358802577838504	730	0	0	0
1.0	1608	0	0	0.3253471824215157	750	0	0	0
0.96875	1200	0	0	0.2887020993691683	730	0	0	0
1.0	1006	0	0	0.28813924949958664	710	0	0	0
1.0	1192	0	0	0.31612675514687844	714	0	0	0
0.96875	1172	0	0	0.3055634192704327	694	0	0	0
0.9375	1532	0	0	0.34132839235041934	708	0	0	0
0.9375	922	0	0	0.2726159162189007	646	0	0	0
0.9375	1374	0	0	0.3140607892347532	688	0	0	0
0.9375	1316	0	0	0.2851847321739387	718	0	0	0
0.984375	744	0	0	0.2573265464592076	614	0	0	0
0.96875	1488	0	0	0.3156250936723174	750	0	0	0
0.94140625	1068	0	0	0.2895754772819069	634	0	0	0
0.984375	1326	0	0	0.3040286235887173	712	0	0	0
0.984375	1586	0	0	0.31924751596985773	778	0	0	0
0.96875	722	0	0	0.24849584441129247	642	0	0	0
0.96875	1424	0	0	0.3101856659629069	700	0	0	0
0.97265625	2494	0	0	0.34126575727376196	812	0	0	0
0.984375	726	0	0	0.26117094759025594	658	0	0	0
0.984375	586	0	0	0.22211660094381475	610	0	0	0
0.86328125	1152	0	0	0.2975228652019171	590	0	0	0
0.9375	1902	0	0	0.3109944511595628	670	0	0	0
0.9375	962	0	0	0.28996687094079887	660	0	0	0
1.0	1062	0	0	0.28439018251677145	672	0	0	0
1.0	1338	0	0	0.29934619999293643	784	0	0	0
0.9375	2712	0	0	0.3356731327663391	648	0	0	0
0.96875	934	0	0	0.280094178117636	652	0	0	0
0.984375	1232	0	0	0.32183656545504163	692	0	0	0
0.953125	928	0	0	0.2755232762752249	590	0	0	0
0.9375	1072	0	0	0.29693456175421856	664	0	0	0
0.9765625	1500	0	0	0.32740876019163	752	0	0	0
0.984375	1344	0	0	0.2988715175436125	648	0	0	0
0.9375	2184	0	0	0.353972998618905	744	0	0	0
0.953125	1574	0	0	0.3279667927914221	774	0	0	0
0.9765625	1562	0	0	0.31429075450399174	760	0	0	0
0.9453125	2528	0	0	0.3250182591807791	728	0	0	0
0.86328125	1768	0	0	0.2969850723789026	604	0	0	0
0.984375	2816	0	0	0.3646405840537241	816	0	0	0
0.9921875	1186	0	0	0.303774379319191	734	0	0	0
0.9375	686	0	0	0.25107729298238324	576	0	0	0
0.9375	1094	0	0	0.2931212645142641	736	0	0	0
0.9375	946	0	0	0.2848402400833872	616	0	0	0
0.9375	1600	0	0	0.33210514186069723	684	0	0	0
0.984375	1878	0	0	0.3306820011081599	712	0	0	0
0.96875	1426	0	0	0.30661135800676187	716	0	0	0
0.9375	1080	0	0	0.2878069246328798	644	0	0	0
0.9375	1462	0	0	0.32344570782853954	686	0	0	0
0.953125	934	0	0	0.2838101955860343	702	0	0	0
0.9375	1362	0	0	0.2941688166995179	706	0	0	0
0.890625	1004	0	0	0.2718609931151212	678	0	0	0
0.984375	992	0	0	0.2784673674714332	638	0	0	0
0.953125	1078	0	0	0.2876818805182879	642	0	0	0
0.953125	772	0	0	0.233742604521515	610	0	0	0
0.984375	1618	0	0	0.31934632308138317	724	0	0	0
0.96875	1222	0	0	0.2962473812079339	714	0	0	0
1.0	1656	0	0	0.2793989713784743	648	0	0	0
0.96875	1086	0	0	0.2897369296565212	698	0	0	0
0.9375	944	0	0	0.2817745388304874	648	0	0	0
0.984375	1154	0	0	0.2923279688752649	730	0	0	0
1.0	2130	0	0	0.33512359624527854	688	0	0	0
0.96875	1452	0	0	0.31876101410223345	730	0	0	0
1.0	1270	0	0	0.29141131527772557	706	0	0	0
1.0	1280	0	0	0.30476491217790835	724	0	0	0
0.9609375	1260	0	0	0.30252464943530066	684	0	0	0
0.984375	1638	0	0	0.32246193589633576	762	0	0	0
0.984375	2168	0	0	0.3549652045557125	718	0	0	0
0.875	1238	0	0	0.2978860241507998	656	0	0	0
0.96875	1306	0	0	0.3062434724842684	702	0	0	0
1.0	1206	0	0	0.28975473044419375	766	0	0	0
1.0	1008	0	0	0.27910531749491335	662	0	0	0
0.984375	1356	0	0	0.3062938888173939	760	0	0	0
0.9609375	1572	0	0	0.32801000543645903	758	0	0	0
1.0	878	0	0	0.26162635085103275	664	0	0	0
0.96484375	1132	0	0	0.289865595014962	740	0	0	0
0.984375	1728	0	0	0.287663308593714	676	0	0	0
0.9375	2492	0	0	0.33923099477835367	756	0	0	0
0.984375	1164	0	0	0.3038827696070699	754	0	0	0
0.90625	504	0	0	0.21352297624587324	568	0	0	0
0.953125	1310	0	0	0.3160583641584432	700	0	0	0
0.96484375	1022	0	0	0.2810179814219906	674	0	0	0
0.890625	2098	0	0	0.3348429709999206	700	0	0	0
0.9375	1658	0	0	0.28214891473962433	606	0	0	0
0.9375	2310	0	0	0.34606286223570787	748	0	0	0
0.86328125	796	0	0	0.24761667111661867	566	0	0	0
0.9609375	1498	0	0	0.3147040121881853	748	0	0	0
0.9375	1350	0	0	0.31189142511346063	720	0	0	0
0.9765625	1672	0	0	0.3049714619262958	702	0	0	0
0.95703125	2172	0	0	0.3374102777375886	738	0	0	0
1.0	1276	0	0	0.29414409707985	674	0	0	0
0.9375	1156	0	0	0.29933190809997134	724	0	0	0
0.9375	1458	0	0	0.29542021041052935	718	0	0	0
1.0	1264	0	0	0.3018842406183586	670	0	0	0
0.9375	1268	0	0	0.31220955234119413	710	0	0	0
0.984375	1154	0	0	0.3079581558449834	712	0	0	0
1.0	2288	0	0	0.342064504036185	702	0	0	0
0.984375	1318	0	0	0.3006397744030365	798	0	0	0
0.94140625	842	0	0	0.2810201684117538	616	0	0	0
0.9453125	1168	0	0	0.2982160592560483	656	0	0	0
0.91796875	868	0	0	0.2984517584472844	630	0	0	0
1.0	1064	0	0	0.3097080759662932	640	0	0	0
0.875	1082	0	0	0.2655157687657145	640	0	0	0
0.9765625	2428	0	0	0.3264108198960946	782	0	0	0
0.984375	1662	0	0	0.3305526237727439	764	0	0	0
0.96875	3410	0	0	0.34877409033104245	742	0	0	0
0.9375	1236	0	0	0.29244652413678196	662	0	0	0
0.9375	1492	0	0	0.3322143845165601	716	0	0	0
0.921875	1958	0	0	0.30533418634178405	636	0	0	0
0.9375	1228	0	0	0.2948978788816456	742	0	0	0
0.984375	2238	0	0	0.33177993254349336	728	0	0	0
0.984375	1134	0	0	0.31187227331998885	668	0	0	0
0.9765625	1400	0	0	0.323657771533478	706	0	0	0
0.984375	1214	0	0	0.2849523822002932	712	0	0	0
0.9609375	1280	0	0	0.2950070455919059	704	0	0	0
1.0	1442	0	0	0.33421016389867364	712	0	0	0
0.9375	2206	0	0	0.33896458502528476	718	0	0	0
0.9375	1360	0	0	0.31027538448396685	676	0	0	0
0.96875	1100	0	0	0.2857262872812472	710	0	0	0
0.984375	726	0	0	0.2616868391684527	648	0	0	0
0.953125	1532	0	0	0.3370811206085529	712	0	0	0
0.9765625	2186	0	0	0.3277504184568989	798	0	0	0
0.9375	1202	0	0	0.3151849828882601	584	0	0	0
0.9375	1850	0	0	0.32433227437871626	692	0	0	0
0.94140625	1090	0	0	0.297483542369662	714	0	0	0
0.875	1846	0	0	0.34188191553866487	712	0	0	0
0.984375	2232	0	0	0.33723241365918627	754	0	0	0
